Entry ID;Date;Field observer;Video observer;Configuration;Lek;Min of video/start;Min of video/end;Color code;ID #;Comments;Video file name;Video cut;Track analysis;Comment
1;13-cze-15;KWJ;KWJ;Ctrl1;SUR Cacao;00:03:15;00:03:25;G;292;;Pers.Ctrl.SUR.2015.6.13.7.03;vlc-record-2015-06-13-23h38m25s-Pers.Ctrl.SUR.2015.6.13.7.03.MOV-;vlc-record-2015-06-13-23h38m25s-Pers.Ctrl.SUR.2015.6.13.7.03.MOV-;
2;13-cze-15;KWJ;KWJ;Ctrl1;SUR Cacao;00:04:28;00:04:40;WGR;364;;Pers.Ctrl.SUR.2015.6.13.7.03;vlc-record-2015-06-13-23h41m27s-Pers.Ctrl.SUR.2015.6.13.7.03.MOV-;vlc-record-2015-06-13-23h41m27s-Pers.Ctrl.SUR.2015.6.13.7.03.MOV-;
3;13-cze-15;KWJ;KWJ;Ctrl1;SUR Cacao;00:09:58;00:10:10;G;292;;Pers.Ctrl.SUR.2015.6.13.7.03;vlc-record-2015-06-13-23h45m48s-Pers.Ctrl.SUR.2015.6.13.7.03.MOV-;vlc-record-2015-06-13-23h45m48s-Pers.Ctrl.SUR.2015.6.13.7.03.MOV-;
4;13-cze-15;KWJ;KWJ;Ctrl1;SUR Cacao;00:11:08;00:11:38;R;356;;Pers.Ctrl.SUR.2015.6.13.7.03;vlc-record-2015-06-13-23h48m37s-Pers.Ctrl.SUR.2015.6.13.7.03.MOV-;vlc-record-2015-06-13-23h48m37s-Pers.Ctrl.SUR.2015.6.13.7.03.MOV-;
5;13-cze-15;KWJ;KWJ;Ctrl1;SUR Cacao;12:43:00;00:12:55;Y;301;;Pers.Ctrl.SUR.2015.6.13.7.03;vlc-record-2015-06-13-23h50m58s-Pers.Ctrl.SUR.2015.6.13.7.03.MOV-;vlc-record-2015-06-13-23h50m58s-Pers.Ctrl.SUR.2015.6.13.7.03.MOV-;
6;13-cze-15;KWJ;KWJ;Ctrl1;SUR Cacao;00:20:01;00:20:15;WGR;364;;Pers.Ctrl.SUR.2015.6.13.7.03;vlc-record-2015-06-13-23h56m54s-Pers.Ctrl.SUR.2015.6.13.7.03.MOV-;vlc-record-2015-06-13-23h56m54s-Pers.Ctrl.SUR.2015.6.13.7.03.MOV-;
7;13-cze-15;KWJ;KWJ;Ctrl1;SUR Cacao;00:24:32;00:24:45;P;353;;Pers.Ctrl.SUR.2015.6.13.7.03;vlc-record-2015-06-14-00h10m47s-Pers.Ctrl.SUR.2015.6.13.7.03.MOV-;vlc-record-2015-06-14-00h10m47s-Pers.Ctrl.SUR.2015.6.13.7.03.MOV-;
8;13-cze-15;KWJ;KWJ;Ctrl1;SUR Cacao;00:25:21;00:25:35;G;292;;Pers.Ctrl.SUR.2015.6.13.7.03;vlc-record-2015-06-14-00h13m23s-Pers.Ctrl.SUR.2015.6.13.7.03.MOV-;vlc-record-2015-06-14-00h13m23s-Pers.Ctrl.SUR.2015.6.13.7.03.MOV-;
9;13-cze-15;KWJ;KWJ;Ctrl1;SUR Cacao;00:08:38;00:08:53;WGR;364;;Pers.Ctrl.SUR.2015.6.13.7.32;vlc-record-2015-06-14-00h22m01s-Pers.Ctrl.SUR.2015.6.13.7.32.MOV-;vlc-record-2015-06-14-00h22m01s-Pers.Ctrl.SUR.2015.6.13.7.32.MOV-;
10;13-cze-15;KWJ;KWJ;Ctrl1;SUR Cacao;00:10:41;00:10:55;Y;301;;Pers.Ctrl.SUR.2015.6.13.7.32;vlc-record-2015-06-14-00h36m48s-Pers.Ctrl.SUR.2015.6.13.7.32.MOV-;#N/D!;Where is this file?
11;13-cze-15;KWJ;KWJ;Ctrl1;SUR Cacao;00:12:17;00:12:24;G;292;chased?;Pers.Ctrl.SUR.2015.6.13.7.32;;#N/D!;excluded due to chase
12;13-cze-15;KWJ;KWJ;Ctrl1;SUR Cacao;00:12:38;00:12:51;P;353;;Pers.Ctrl.SUR.2015.6.13.7.32;vlc-record-2015-06-14-00h41m54s-Pers.Ctrl.SUR.2015.6.13.7.32.MOV-;vlc-record-2015-06-14-00h41m54s-Pers.Ctrl.SUR.2015.6.13.7.32.MOV-;
13;13-cze-15;KWJ;KWJ;Ctrl1;SUR Cacao;00:23:46;00:23:59;G;292;;Pers.Ctrl.SUR.2015.6.13.7.32;vlc-record-2015-06-14-00h48m58s-Pers.Ctrl.SUR.2015.6.13.7.32.MOV-;vlc-record-2015-06-14-00h48m58s-Pers.Ctrl.SUR.2015.6.13.7.32.MOV-;
14;13-cze-15;KWJ;KWJ;Ctrl1;SUR Cacao;00:25:09;00:25:36;R;356;;Pers.Ctrl.SUR.2015.6.13.7.32;vlc-record-2015-06-14-00h53m34s-Pers.Ctrl.SUR.2015.6.13.7.32.MOV-;vlc-record-2015-06-14-00h53m34s-Pers.Ctrl.SUR.2015.6.13.7.32.MOV-;
15;13-cze-15;KWJ;KWJ;Ctrl1;SUR Cacao;00:26:32;00:26:47;WGR;364;;Pers.Ctrl.SUR.2015.6.13.7.32;vlc-record-2015-06-14-00h54m41s-Pers.Ctrl.SUR.2015.6.13.7.32.MOV-;vlc-record-2015-06-14-00h54m41s-Pers.Ctrl.SUR.2015.6.13.7.32.MOV-;
16;13-cze-15;KWJ;KWJ;Ctrl1;SUR Cacao;00:04:15;00:04:21;Y;301;;Pers.Ctrl.SUR.2015.6.13.8.1;vlc-record-2015-06-14-01h24m16s-Pers.Ctrl.SUR.2015.6.13.8.1.MOV-;vlc-record-2015-06-14-01h24m16s-Pers.Ctrl.SUR.2015.6.13.8.1.MOV-;
17;13-cze-15;KWJ;KWJ;Ctrl1;SUR Cacao;00:10:05;00:10:15;G;292;;Pers.Ctrl.SUR.2015.6.13.8.1;vlc-record-2015-06-14-01h28m28s-Pers.Ctrl.SUR.2015.6.13.8.1.MOV-;vlc-record-2015-06-14-01h28m28s-Pers.Ctrl.SUR.2015.6.13.8.1.MOV-;
18;13-cze-15;KWJ;KWJ;Ctrl1;SUR Cacao;00:15:14;00:15:29;WGR;364;;Pers.Ctrl.SUR.2015.6.13.8.1;vlc-record-2015-06-14-01h31m36s-Pers.Ctrl.SUR.2015.6.13.8.1.MOV-;vlc-record-2015-06-14-01h31m36s-Pers.Ctrl.SUR.2015.6.13.8.1.MOV-;
19;13-cze-15;KWJ;KWJ;Ctrl1;SUR Cacao;00:20:04;00:20:33;R;356;;Pers.Ctrl.SUR.2015.6.13.8.1;vlc-record-2015-06-14-01h35m25s-Pers.Ctrl.SUR.2015.6.13.8.1.MOV-;vlc-record-2015-06-14-01h35m25s-Pers.Ctrl.SUR.2015.6.13.8.1.MOV-;Bird out of frame, multiple times
20;13-cze-15;KWJ;KWJ;Ctrl1;SUR Cacao;00:22:41;00:22:50;Y;301;;Pers.Ctrl.SUR.2015.6.13.8.1;vlc-record-2015-06-14-01h39m22s-Pers.Ctrl.SUR.2015.6.13.8.1.MOV-;vlc-record-2015-06-14-01h39m22s-Pers.Ctrl.SUR.2015.6.13.8.1.MOV-;
21;13-cze-15;KWJ;KWJ;Ctrl1;SUR Cacao;00:25:04;00:25:13;G;292;;Pers.Ctrl.SUR.2015.6.13.8.1;vlc-record-2015-06-14-01h43m05s-Pers.Ctrl.SUR.2015.6.13.8.1.MOV-;vlc-record-2015-06-14-01h43m05s-Pers.Ctrl.SUR.2015.6.13.8.1.MOV-;
22;13-cze-15;KWJ;KWJ;Ctrl1;SUR Cacao;00:05:06;00:05:44;RPR;367;bee, could inf n flower, and motions;Pers.Ctrl.SUR.2015.6.13.8.32;vlc-record-2015-06-14-01h55m54s-Pers.Ctrl.SUR.2015.6.13.8.32.MOV-;vlc-record-2015-06-14-01h55m54s-Pers.Ctrl.SUR.2015.6.13.8.32.MOV-;
23;13-cze-15;KWJ;KWJ;Ctrl1;SUR Cacao;00:09:38;00:09:50;P;353;;Pers.Ctrl.SUR.2015.6.13.8.32;vlc-record-2015-06-14-01h59m03s-Pers.Ctrl.SUR.2015.6.13.8.32.MOV-;vlc-record-2015-06-14-01h59m03s-Pers.Ctrl.SUR.2015.6.13.8.32.MOV-;
24;13-cze-15;KWJ;KWJ;Ctrl1;SUR Cacao;00:10:49;00:10:59;G;292;;Pers.Ctrl.SUR.2015.6.13.8.32;vlc-record-2015-06-14-02h02m58s-Pers.Ctrl.SUR.2015.6.13.8.32.MOV-;vlc-record-2015-06-14-02h02m58s-Pers.Ctrl.SUR.2015.6.13.8.32.MOV-;
25;13-cze-15;KWJ;KWJ;Ctrl1;SUR Cacao;00:13:30;00:13:39;WGR;364;;Pers.Ctrl.SUR.2015.6.13.8.32;vlc-record-2015-06-14-02h05m09s-Pers.Ctrl.SUR.2015.6.13.8.32.MOV-;vlc-record-2015-06-14-02h05m09s-Pers.Ctrl.SUR.2015.6.13.8.32.MOV-;
26;13-cze-15;KWJ;KWJ;Ctrl1;SUR Cacao;00:15:24;00:15:37;Y;301;;Pers.Ctrl.SUR.2015.6.13.8.32;vlc-record-2015-06-14-02h07m06s-Pers.Ctrl.SUR.2015.6.13.8.32.MOV-;vlc-record-2015-06-14-02h07m06s-Pers.Ctrl.SUR.2015.6.13.8.32.MOV-;
27;13-cze-15;KWJ;KWJ;Ctrl1;SUR Cacao;00:23:17;00:23:27;WGR;364;;Pers.Ctrl.SUR.2015.6.13.8.32;vlc-record-2015-06-14-02h10m47s-Pers.Ctrl.SUR.2015.6.13.8.32.MOV-;vlc-record-2015-06-14-02h10m47s-Pers.Ctrl.SUR.2015.6.13.8.32.MOV-;
28;13-cze-15;KWJ;KWJ;Ctrl1;SUR Cacao;00:24:06;00:24:17;G;292;;Pers.Ctrl.SUR.2015.6.13.8.32;vlc-record-2015-06-14-02h12m21s-Pers.Ctrl.SUR.2015.6.13.8.32.MOV-;vlc-record-2015-06-14-02h12m21s-Pers.Ctrl.SUR.2015.6.13.8.32.MOV-;
29;13-cze-15;KWJ;KWJ;Ctrl1;SUR Cacao;00:07:54;00:08:02;WGR;364;;Pers.Ctrl.SUR.2015.6.13.8.58;vlc-record-2015-06-14-02h33m30s-Pers.Ctrl.SUR.2015.6.13.8.58.MOV-;vlc-record-2015-06-14-02h33m30s-Pers.Ctrl.SUR.2015.6.13.8.58.MOV-;
30;13-cze-15;KWJ;KWJ;Ctrl1;SUR Cacao;00:08:34;00:08:43;Y;301;;Pers.Ctrl.SUR.2015.6.13.8.58;vlc-record-2015-06-14-02h35m04s-Pers.Ctrl.SUR.2015.6.13.8.58.MOV-;vlc-record-2015-06-14-02h35m04s-Pers.Ctrl.SUR.2015.6.13.8.58.MOV-;
31;13-cze-15;KWJ;KWJ;Ctrl1;SUR Cacao;00:10:10;00:10:17;G;292;;Pers.Ctrl.SUR.2015.6.13.8.58;vlc-record-2015-06-14-02h36m53s-Pers.Ctrl.SUR.2015.6.13.8.58.MOV-;vlc-record-2015-06-14-02h36m53s-Pers.Ctrl.SUR.2015.6.13.8.58.MOV-;
32;13-cze-15;KWJ;KWJ;Ctrl1;SUR Cacao;00:14:39;00:15:05;R;356;;Pers.Ctrl.SUR.2015.6.13.8.58;vlc-record-2015-06-14-02h40m00s-Pers.Ctrl.SUR.2015.6.13.8.58.MOV-;vlc-record-2015-06-14-02h40m00s-Pers.Ctrl.SUR.2015.6.13.8.58.MOV-;Bird out of fram many times
33;13-cze-15;KWJ;KWJ;Ctrl1;SUR Cacao;00:22:04;00:22:08;G;292;chased;Pers.Ctrl.SUR.2015.6.13.8.58; ;#N/D!;
34;13-cze-15;KWJ;KWJ;Ctrl1;SUR Cacao;00:22:47;00:22:59;P;353;;Pers.Ctrl.SUR.2015.6.13.8.58;vlc-record-2015-06-14-03h15m33s-Pers.Ctrl.SUR.2015.6.13.8.58.MOV-;vlc-record-2015-06-14-03h15m33s-Pers.Ctrl.SUR.2015.6.13.8.58.MOV-;
35;13-cze-15;KWJ;KWJ;Ctrl1;SUR Cacao;00:23:02;00:23:11;WGR;364;chased;Pers.Ctrl.SUR.2015.6.13.8.58;;#N/D!;
36;13-cze-15;KWJ;KWJ;Ctrl1;SUR Cacao;00:23:50;00:23:54;G;292;chased?;Pers.Ctrl.SUR.2015.6.13.8.58;;#N/D!;
37;13-cze-15;KWJ;KWJ;Ctrl1;SUR Cacao;00:24:07;00:24:17;G;292;a continuum of the previous event #36;Pers.Ctrl.SUR.2015.6.13.8.58;;#N/D!;
38;13-cze-15;KWJ;KWJ;Ctrl1;SUR Cacao;00:25:23;00:25:47;RPR;367;;Pers.Ctrl.SUR.2015.6.13.8.58;vlc-record-2015-06-14-03h22m16s-Pers.Ctrl.SUR.2015.6.13.8.58.MOV-;vlc-record-2015-06-14-03h22m16s-Pers.Ctrl.SUR.2015.6.13.8.58.MOV-;out of frame a few times
39;13-cze-15;KWJ;KWJ;Ctrl1;SUR Cacao;00:28:41;00:28:50;Y;301;;Pers.Ctrl.SUR.2015.6.13.8.58;vlc-record-2015-06-14-03h24m54s-Pers.Ctrl.SUR.2015.6.13.8.58.MOV-;vlc-record-2015-06-14-03h24m54s-Pers.Ctrl.SUR.2015.6.13.8.58.MOV-;
40;13-cze-15;KWJ;KWJ;Ctrl1;SUR Cacao;00:09:42;00:09:50;G;292;;Pers.Ctrl.SUR.2015.6.13.9.33;vlc-record-2015-06-14-22h04m08s-Pers.Ctrl.SUR.2015.6.13.9.33.MOV-;vlc-record-2015-06-14-22h04m08s-Pers.Ctrl.SUR.2015.6.13.9.33.MOV-;
41;13-cze-15;KWJ;KWJ;Ctrl1;SUR Cacao;00:10:05;00:10:17;WGR;364;;Pers.Ctrl.SUR.2015.6.13.9.33;vlc-record-2015-06-14-22h10m23s-Pers.Ctrl.SUR.2015.6.13.9.33.MOV-;vlc-record-2015-06-14-22h10m23s-Pers.Ctrl.SUR.2015.6.13.9.33.MOV-;
42;13-cze-15;KWJ;KWJ;Ctrl1;SUR Cacao;00:17:13;00:17:23;R;356;;Pers.Ctrl.SUR.2015.6.13.9.33;vlc-record-2015-06-14-22h22m16s-Pers.Ctrl.SUR.2015.6.13.9.33.MOV-;vlc-record-2015-06-14-22h22m16s-Pers.Ctrl.SUR.2015.6.13.9.33.MOV-;
43;13-cze-15;KWJ;KWJ;Ctrl1;SUR Cacao;00:17:58;00:18:10;Y;301;;Pers.Ctrl.SUR.2015.6.13.9.33;vlc-record-2015-06-14-22h24m28s-Pers.Ctrl.SUR.2015.6.13.9.33.MOV-;vlc-record-2015-06-14-22h24m28s-Pers.Ctrl.SUR.2015.6.13.9.33.MOV-;
44;13-cze-15;KWJ;KWJ;Ctrl1;SUR Cacao;00:22:57;00:23:01;RPR;367;chased;Pers.Ctrl.SUR.2015.6.13.9.33;;#N/D!;
45;13-cze-15;KWJ;KWJ;Ctrl1;SUR Cacao;00:23:19;00:23:34;P;353;;Pers.Ctrl.SUR.2015.6.13.9.33;vlc-record-2015-06-14-22h35m39s-Pers.Ctrl.SUR.2015.6.13.9.33.MOV-;vlc-record-2015-06-14-22h35m39s-Pers.Ctrl.SUR.2015.6.13.9.33.MOV-;
46;13-cze-15;KWJ;KWJ;Ctrl1;SUR Cacao;00:23:44;00:23:59;G;292;;Pers.Ctrl.SUR.2015.6.13.9.33;vlc-record-2015-06-14-22h37m18s-Pers.Ctrl.SUR.2015.6.13.9.33.MOV-;vlc-record-2015-06-14-22h37m18s-Pers.Ctrl.SUR.2015.6.13.9.33.MOV-;
47;13-cze-15;KWJ;KWJ;Ctrl1;SUR Cacao;00:24:16;00:24:45;RPR;367;;Pers.Ctrl.SUR.2015.6.13.9.33;vlc-record-2015-06-14-22h39m32s-Pers.Ctrl.SUR.2015.6.13.9.33.MOV-;vlc-record-2015-06-14-22h39m32s-Pers.Ctrl.SUR.2015.6.13.9.33.MOV-;
48;13-cze-15;KWJ;KWJ;Exp1;SUR Cacao;00:04:12;00:04:44;WGR;364;chased at the end;Pers.Exp.SUR.2015.6.13.10.6;vlc-record-2015-06-14-22h53m48s-Pers.Exp.SUR.2015.6.13.10.6.MOV-;vlc-record-2015-06-14-22h53m48s-Pers.Exp.SUR.2015.6.13.10.6.MOV-;out of frame for a while
49;13-cze-15;KWJ;KWJ;Exp1;SUR Cacao;00:04:57;00:05:15;G;292;chased during the visit;Pers.Exp.SUR.2015.6.13.10.6;vlc-record-2015-06-14-22h56m00s-Pers.Exp.SUR.2015.6.13.10.6.MOV-;vlc-record-2015-06-14-22h56m00s-Pers.Exp.SUR.2015.6.13.10.6.MOV-;out of frame for a while
50;13-cze-15;KWJ;KWJ;Exp1;SUR Cacao;00:05:20;00:05:58;WGR;364;;Pers.Exp.SUR.2015.6.13.10.6;vlc-record-2015-06-14-22h58m35s-Pers.Exp.SUR.2015.6.13.10.6.MOV-;vlc-record-2015-06-14-22h58m35s-Pers.Exp.SUR.2015.6.13.10.6.MOV-;out of frame for a while
51;13-cze-15;KWJ;KWJ;Exp1;SUR Cacao;00:07:58;00:08:23;WGR;364;;Pers.Exp.SUR.2015.6.13.10.6;vlc-record-2015-06-15-23h39m50s-Pers.Exp.SUR.2015.6.13.10.6.MOV-;vlc-record-2015-06-15-23h39m50s-Pers.Exp.SUR.2015.6.13.10.6.MOV-;out of frame for a while
52;13-cze-15;KWJ;KWJ;Exp1;SUR Cacao;00:09:07;00:09:31;Y;301;;Pers.Exp.SUR.2015.6.13.10.6;vlc-record-2015-06-15-23h47m17s-Pers.Exp.SUR.2015.6.13.10.6.MOV-;vlc-record-2015-06-15-23h47m17s-Pers.Exp.SUR.2015.6.13.10.6.MOV-;out of frame for a while
53;13-cze-15;KWJ;KWJ;Exp1;SUR Cacao;00:12:19;00:12:29;R;356;;Pers.Exp.SUR.2015.6.13.10.6;vlc-record-2015-06-15-23h49m49s-Pers.Exp.SUR.2015.6.13.10.6.MOV-;vlc-record-2015-06-15-23h49m49s-Pers.Exp.SUR.2015.6.13.10.6.MOV-;out of frame for a while
54;13-cze-15;KWJ;KWJ;Exp1;SUR Cacao;00:13:10;00:13:30;P;353;;Pers.Exp.SUR.2015.6.13.10.6;vlc-record-2015-06-15-23h52m05s-Pers.Exp.SUR.2015.6.13.10.6.MOV-;vlc-record-2015-06-15-23h52m05s-Pers.Exp.SUR.2015.6.13.10.6.MOV-;Out of the frame 
55;13-cze-15;KWJ;KWJ;Exp1;SUR Cacao;00:16:26;00:17:13;RPR;367;;Pers.Exp.SUR.2015.6.13.10.6;vlc-record-2015-06-15-23h55m33s-Pers.Exp.SUR.2015.6.13.10.6.MOV-;vlc-record-2015-06-15-23h55m33s-Pers.Exp.SUR.2015.6.13.10.6.MOV-;Out of the frame for a while
56;13-cze-15;KWJ;KWJ;Exp1;SUR Cacao;00:17:21;00:17:37;R;356;;Pers.Exp.SUR.2015.6.13.10.6;vlc-record-2015-06-15-23h57m56s-Pers.Exp.SUR.2015.6.13.10.6.MOV-;vlc-record-2015-06-15-23h57m56s-Pers.Exp.SUR.2015.6.13.10.6.MOV-;
57;15-cze-15;KWJ/VNL;KWJ;Ctrl2;SUR Cacao;00:00:26;00:00:39;P;353;;Pers.Ctrl.SUR.2015.6.15.9.30;vlc-record-2015-06-16-17h30m16s-Pers.Ctrl.SUR.2015.6.15.9.30.MOV-;vlc-record-2015-06-16-17h30m16s-Pers.Ctrl.SUR.2015.6.15.9.30.MOV-;
58;15-cze-15;KWJ/VNL;KWJ;Ctrl2;SUR Cacao;00:01:09;00:01:28;RPR;367;little hermit at another feeder, but does not seem to interfere;Pers.Ctrl.SUR.2015.6.15.9.30;vlc-record-2015-06-16-17h32m56s-Pers.Ctrl.SUR.2015.6.15.9.30.MOV-;vlc-record-2015-06-16-17h32m56s-Pers.Ctrl.SUR.2015.6.15.9.30.MOV-;
59;15-cze-15;KWJ/VNL;KWJ;Ctrl2;SUR Cacao;00:01:46;00:02:04;WGR;364;;Pers.Ctrl.SUR.2015.6.15.9.30;vlc-record-2015-06-16-17h35m32s-Pers.Ctrl.SUR.2015.6.15.9.30.MOV-;vlc-record-2015-06-16-17h35m32s-Pers.Ctrl.SUR.2015.6.15.9.30.MOV-;
60;15-cze-15;KWJ/VNL;KWJ;Ctrl2;SUR Cacao;00:02:50;00:03:01;G;292;;Pers.Ctrl.SUR.2015.6.15.9.30;vlc-record-2015-06-16-17h37m23s-Pers.Ctrl.SUR.2015.6.15.9.30.MOV-;vlc-record-2015-06-16-17h37m23s-Pers.Ctrl.SUR.2015.6.15.9.30.MOV-;
61;15-cze-15;KWJ/VNL;KWJ;Ctrl2;SUR Cacao;00:15:09;00:15:32;WGR;364;;Pers.Ctrl.SUR.2015.6.15.9.30;vlc-record-2015-06-16-18h02m23s-Pers.Ctrl.SUR.2015.6.15.9.30.MOV-;vlc-record-2015-06-16-18h02m23s-Pers.Ctrl.SUR.2015.6.15.9.30.MOV-;
62;15-cze-15;KWJ/VNL;KWJ;Ctrl2;SUR Cacao;00:16:18;00:16:29;P;353;;Pers.Ctrl.SUR.2015.6.15.9.30;vlc-record-2015-06-16-18h04m59s-Pers.Ctrl.SUR.2015.6.15.9.30.MOV-;vlc-record-2015-06-16-18h04m59s-Pers.Ctrl.SUR.2015.6.15.9.30.MOV-;Out of frame 
63;15-cze-15;KWJ/VNL;KWJ;Ctrl2;SUR Cacao;00:16:46;00:17:07;RPR;367;;Pers.Ctrl.SUR.2015.6.15.9.30;vlc-record-2015-06-16-18h20m14s-Pers.Ctrl.SUR.2015.6.15.9.30.MOV-;vlc-record-2015-06-16-18h20m14s-Pers.Ctrl.SUR.2015.6.15.9.30.MOV-;
64;15-cze-15;KWJ/VNL;KWJ;Ctrl2;SUR Cacao;00:19:57;00:20:06;G;292;;Pers.Ctrl.SUR.2015.6.15.9.30;vlc-record-2015-06-16-18h33m22s-Pers.Ctrl.SUR.2015.6.15.9.30.MOV-;vlc-record-2015-06-16-18h33m22s-Pers.Ctrl.SUR.2015.6.15.9.30.MOV-;
65;15-cze-15;KWJ/VNL;KWJ;Exp2;SUR Cacao;00:00:00;00:00:14;Y;301;;Pers.Exp.SUR.2015.6.15.9.57;vlc-record-2015-06-16-18h44m24s-Pers.Exp.SUR.2015.6.15.9.57.MOV-;vlc-record-2015-06-16-18h44m24s-Pers.Exp.SUR.2015.6.15.9.57.MOV-;
66;15-cze-15;KWJ/VNL;KWJ;Exp2;SUR Cacao;00:04:55;00:05:08;R;356;;Pers.Exp.SUR.2015.6.15.9.57;vlc-record-2015-06-16-18h47m58s-Pers.Exp.SUR.2015.6.15.9.57.MOV-;vlc-record-2015-06-16-18h47m58s-Pers.Exp.SUR.2015.6.15.9.57.MOV-;Out of frame 
67;15-cze-15;KWJ/VNL;KWJ;Exp2;SUR Cacao;00:06:35;00:06:43;G;292;;Pers.Exp.SUR.2015.6.15.9.57;vlc-record-2015-06-16-18h50m16s-Pers.Exp.SUR.2015.6.15.9.57.MOV-;vlc-record-2015-06-16-18h50m16s-Pers.Exp.SUR.2015.6.15.9.57.MOV-;
68;15-cze-15;KWJ/VNL;KWJ;Exp2;SUR Cacao;00:12:48;00:13:05;P;353;;Pers.Exp.SUR.2015.6.15.9.57;vlc-record-2015-06-16-18h53m26s-Pers.Exp.SUR.2015.6.15.9.57.MOV-;vlc-record-2015-06-16-18h53m26s-Pers.Exp.SUR.2015.6.15.9.57.MOV-;
69;15-cze-15;KWJ/VNL;KWJ;Exp2;SUR Cacao;00:14:55;00:15:26;WGR;364;;Pers.Exp.SUR.2015.6.15.9.57;vlc-record-2015-06-16-18h58m50s-Pers.Exp.SUR.2015.6.15.9.57.MOV-;vlc-record-2015-06-16-18h58m50s-Pers.Exp.SUR.2015.6.15.9.57.MOV-;
70;15-cze-15;KWJ/VNL;KWJ;Exp2;SUR Cacao;00:24:51;00:25:04;R;356;;Pers.Exp.SUR.2015.6.15.9.57;vlc-record-2015-06-16-19h03m33s-Pers.Exp.SUR.2015.6.15.9.57.MOV-;vlc-record-2015-06-16-19h03m33s-Pers.Exp.SUR.2015.6.15.9.57.MOV-;Out of frame 
71;15-cze-15;KWJ/VNL;KWJ;Exp2;SUR Cacao;00:25:59;00:26:11;Y;301;;Pers.Exp.SUR.2015.6.15.9.57;vlc-record-2015-06-16-19h05m30s-Pers.Exp.SUR.2015.6.15.9.57.MOV-;vlc-record-2015-06-16-19h05m30s-Pers.Exp.SUR.2015.6.15.9.57.MOV-;
72;15-cze-15;KWJ/VNL;KWJ;Exp2;SUR Cacao;00:00:15;00:00:45;GPW;241;;Pers.Exp.SUR.2015.6.15.10.00;vlc-record-2015-06-16-19h17m17s-Pers.Exp.SUR.2015.6.15.10.00.MOV-;vlc-record-2015-06-16-19h17m17s-Pers.Exp.SUR.2015.6.15.10.00.MOV-;
73;15-cze-15;KWJ/VNL;KWJ;Exp2;SUR Cacao;00:04:43;00:04:57;G;292;;Pers.Exp.SUR.2015.6.15.10.00;vlc-record-2015-06-16-19h21m09s-Pers.Exp.SUR.2015.6.15.10.00.MOV-;vlc-record-2015-06-16-19h21m09s-Pers.Exp.SUR.2015.6.15.10.00.MOV-;
74;15-cze-15;KWJ/VNL;KWJ;Exp2;SUR Cacao;00:05:54;00:06:11;R;356;;Pers.Exp.SUR.2015.6.15.10.00;vlc-record-2015-06-16-19h34m28s-Pers.Exp.SUR.2015.6.15.10.00.MOV-;vlc-record-2015-06-16-19h34m28s-Pers.Exp.SUR.2015.6.15.10.00.MOV-;Out of frame 
75;15-cze-15;KWJ/VNL;KWJ;Exp2;SUR Cacao;00:08:01;00:08:10;WGR;364;;Pers.Exp.SUR.2015.6.15.10.00;vlc-record-2015-06-16-19h36m24s-Pers.Exp.SUR.2015.6.15.10.00.MOV-;vlc-record-2015-06-16-19h36m24s-Pers.Exp.SUR.2015.6.15.10.00.MOV-;
76;15-cze-15;KWJ/VNL;KWJ;Exp2;SUR Cacao;00:10:39;00:10:49;P;353;;Pers.Exp.SUR.2015.6.15.10.00;vlc-record-2015-06-16-19h39m21s-Pers.Exp.SUR.2015.6.15.10.00.MOV-;vlc-record-2015-06-16-19h39m21s-Pers.Exp.SUR.2015.6.15.10.00.MOV-;
77;15-cze-15;KWJ/VNL;KWJ;Exp2;SUR Cacao;00:12:12;00:12:27;P;353;;Pers.Exp.SUR.2015.6.15.10.00;vlc-record-2015-06-16-19h41m02s-Pers.Exp.SUR.2015.6.15.10.00.MOV-;vlc-record-2015-06-16-19h41m02s-Pers.Exp.SUR.2015.6.15.10.00.MOV-;
78;15-cze-15;KWJ/VNL;KWJ;Exp2;SUR Cacao;00:14:12;00:14:35;WGR;364;;Pers.Exp.SUR.2015.6.15.10.00;vlc-record-2015-06-16-19h42m59s-Pers.Exp.SUR.2015.6.15.10.00.MOV-;vlc-record-2015-06-16-19h42m59s-Pers.Exp.SUR.2015.6.15.10.00.MOV-;Out of frame 
79;15-cze-15;KWJ/VNL;KWJ;Exp2;SUR Cacao;00:21:00;00:21:15;G;292;;Pers.Exp.SUR.2015.6.15.10.00;vlc-record-2015-06-16-19h48m37s-Pers.Exp.SUR.2015.6.15.10.00.MOV-;vlc-record-2015-06-16-19h48m37s-Pers.Exp.SUR.2015.6.15.10.00.MOV-;Out of frame 
80;15-cze-15;KWJ/VNL;KWJ;Exp2;SUR Cacao;00:23:38;00:23:52;R;356;;Pers.Exp.SUR.2015.6.15.10.00;vlc-record-2015-06-16-19h50m56s-Pers.Exp.SUR.2015.6.15.10.00.MOV-;vlc-record-2015-06-16-19h50m56s-Pers.Exp.SUR.2015.6.15.10.00.MOV-;Out of frame 
81;15-cze-15;KWJ/VNL;KWJ;Exp2;SUR Cacao;00:26:26;00:26:39;Y;301;;vlc-record-2015-06-16-19h50m56s-Pers.Exp.SUR.2015.6.15.10.00.MOV-;vlc-record-2015-06-16-19h53m14s-Pers.Exp.SUR.2015.6.15.10.00.MOV-;vlc-record-2015-06-16-19h53m14s-Pers.Exp.SUR.2015.6.15.10.00.MOV-;Out of frame 
82;15-cze-15;KWJ/VNL;KWJ;Exp2;SUR Cacao;00:26:49;00:27:12;RPR;367;;vlc-record-2015-06-16-19h50m56s-Pers.Exp.SUR.2015.6.15.10.00.MOV-;vlc-record-2015-06-16-19h56m11s-Pers.Exp.SUR.2015.6.15.10.00.MOV-;vlc-record-2015-06-16-19h56m11s-Pers.Exp.SUR.2015.6.15.10.00.MOV-;
83;22-cze-15;KWJ;KWJ;Ctrl3;SUR Cacao;00:15:06;00:15:43;Y;301;bee, could inf n flower, and motions;Pers.Ctrl.SUR.2015.6.22.7.16;;#N/D!;
84;22-cze-15;KWJ;KWJ;Ctrl3;SUR Cacao;00:22:15;00:23:17;B;357;bee, and flower drop - could inf n flower, and motions;Pers.Ctrl.SUR.2015.6.22.7.16;;#N/D!;
85;22-cze-15;KWJ;KWJ;Ctrl3;SUR Cacao;00:25:54;00:26:14;B;357;bees, could inf n flower, and motions;Pers.Ctrl.SUR.2015.6.22.7.16;;#N/D!;
86;22-cze-15;KWJ;KWJ;Ctrl3;SUR Cacao;00:00:47;00:01:17;GPW;241;bees, could inf n flower, and motions;Pers.Ctrl.SUR.2015.6.22.7.42;;#N/D!;
87;22-cze-15;KWJ;KWJ;Ctrl3;SUR Cacao;00:15:05;00:15:18;R;356;the tongue stuck in the feeder - scared the bird away;Pers.Ctrl.SUR.2015.6.22.7.42;;#N/D!;
88;22-cze-15;KWJ;KWJ;Ctrl3;SUR Cacao;00:18:32;00:19:00;R;356;bees, could inf n flower, and motions;Pers.Ctrl.SUR.2015.6.22.7.42;;#N/D!;
89;22-cze-15;KWJ;KWJ;Ctrl3;SUR Cacao;00:24:50;00:25:50;B;357;bees, could inf n flower, and motions;Pers.Ctrl.SUR.2015.6.22.7.42;;#N/D!;
90;22-cze-15;KWJ;KWJ;Ctrl3;SUR Cacao;00:06:33;00:06:58;P;353;bees, little hermit and flower drop;Pers.Ctrl.SUR.2015.6.22.8.13;;#N/D!;
91;22-cze-15;KWJ;KWJ;Ctrl3;SUR Cacao;00:10:25;00:11:13;Y;301;bees, could inf n flower, and motions;Pers.Ctrl.SUR.2015.6.22.8.13;;#N/D!;
92;22-cze-15;KWJ;KWJ;Ctrl3;SUR Cacao;00:15:55;00:16:24;B;357;bees, could inf n flower, and motions;Pers.Ctrl.SUR.2015.6.22.8.13;;#N/D!;
93;22-cze-15;KWJ;KWJ;Ctrl3;SUR Cacao;00:03:40;00:03:58;GPW;241;chased by GCW;Pers.Ctrl.SUR.2015.6.22.8.44;;#N/D!;
94;22-cze-15;KWJ;KWJ;Ctrl3;SUR Cacao;00:10:55;00:11:16;Y;301;a continued on the next event #95?;Pers.Ctrl.SUR.2015.6.22.10.7;vlc-record-2015-06-23-23h12m18s-Pers.Ctrl.SUR.2015.6.22.10.7.MOV-;#N/D!;
95;22-cze-15;KWJ;KWJ;Ctrl3;SUR Cacao;00:11:23;00:11:34;Y;301;a continuum of the previous event #94?;Pers.Ctrl.SUR.2015.6.22.10.7;vlc-record-2015-06-23-23h13m49s-Pers.Ctrl.SUR.2015.6.22.10.7.MOV-;#N/D!;
96;22-cze-15;KWJ;KWJ;Ctrl3;SUR Cacao;00:11:36;00:11:55;Y;301;a continuum of the previous event #95?;Pers.Ctrl.SUR.2015.6.22.10.7;vlc-record-2015-06-23-23h17m28s-Pers.Ctrl.SUR.2015.6.22.10.7.MOV-;#N/D!;
97;22-cze-15;KWJ;KWJ;Ctrl3;SUR Cacao;00:16:03;00:17:06;GPW;241;;Pers.Ctrl.SUR.2015.6.22.10.7;vlc-record-2015-06-23-23h19m43s-Pers.Ctrl.SUR.2015.6.22.10.7.MOV-;#N/D!;
98;27-cze-15;KWJ;KWJ;Ctrl4;SUR Sura;00:00:10;00:00:25;R;356;;Pers.Ctrl.SUR.2015.6.28.12.21;vlc-record-2015-06-28-16h14m16s-Pers.Ctrl.SUR.2015.6.28.12.21.MOV-;#N/D!;
99;27-cze-15;KWJ;KWJ;Ctrl4;SUR Sura;00:01:34;00:02:05;UNTAG*;-40;a LH around but does not seem to affect the focal bird behaviour;Pers.Ctrl.SUR.2015.6.28.12.21;vlc-record-2015-06-28-16h19m35s-Pers.Ctrl.SUR.2015.6.28.12.21.MOV-;#N/D!;
100;27-cze-15;KWJ;KWJ;Ctrl4;SUR Sura;00:04:04;00:04:28;BGW;143;;Pers.Ctrl.SUR.2015.6.28.12.21;vlc-record-2015-06-28-16h25m24s-Pers.Ctrl.SUR.2015.6.28.12.21.MOV-;#N/D!;
101;27-cze-15;KWJ;KWJ;Ctrl4;SUR Sura;00:05:50;00:06:11;RPG;203;;Pers.Ctrl.SUR.2015.6.28.12.21;vlc-record-2015-06-28-16h28m18s-Pers.Ctrl.SUR.2015.6.28.12.21.MOV-;#N/D!;
102;27-cze-15;KWJ;KWJ;Ctrl4;SUR Sura;00:06:22;00:06:31;R;356;chased;Pers.Ctrl.SUR.2015.6.28.12.21;;#N/D!;
103;27-cze-15;KWJ;KWJ;Ctrl4;SUR Sura;00:06:40;00:07:13;G;292;;Pers.Ctrl.SUR.2015.6.28.12.21;vlc-record-2015-06-28-16h31m51s-Pers.Ctrl.SUR.2015.6.28.12.21.MOV-;#N/D!;
104;27-cze-15;KWJ;KWJ;Ctrl4;SUR Sura;00:09:29;00:09:39;R;356;chased?;Pers.Ctrl.SUR.2015.6.28.12.21;;#N/D!;
105;27-cze-15;KWJ;KWJ;Ctrl4;SUR Sura;00:10:05;00:10:35;Y;301;;Pers.Ctrl.SUR.2015.6.28.12.21;vlc-record-2015-06-28-16h35m27s-Pers.Ctrl.SUR.2015.6.28.12.21.MOV-;#N/D!;
106;27-cze-15;KWJ;KWJ;Ctrl4;SUR Sura;00:13:51;00:14:40;B;357;;Pers.Ctrl.SUR.2015.6.28.12.21;vlc-record-2015-06-28-16h38m05s-Pers.Ctrl.SUR.2015.6.28.12.21.MOV-;#N/D!;
107;27-cze-15;KWJ;KWJ;Ctrl4;SUR Sura;00:19:49;00:20:21;R;356;;Pers.Ctrl.SUR.2015.6.28.12.21;vlc-record-2015-06-28-16h42m18s-Pers.Ctrl.SUR.2015.6.28.12.21.MOV-;#N/D!;
108;27-cze-15;KWJ;KWJ;Ctrl4;SUR Sura;00:14:21;00:04:29;G;292;;Pers.Ctrl.SUR.2015.6.28.12.47;vlc-record-2015-06-28-16h48m19s-Pers.Ctrl.SUR.2015.6.28.12.47.MOV-;#N/D!;
109;27-cze-15;KWJ;KWJ;Ctrl4;SUR Sura;00:06:20;00:06:49;BGW;143;;Pers.Ctrl.SUR.2015.6.28.12.47;vlc-record-2015-06-28-16h49m55s-Pers.Ctrl.SUR.2015.6.28.12.47.MOV-;#N/D!;
110;27-cze-15;KWJ;KWJ;Ctrl4;SUR Sura;00:13:14;00:13:33;G;292;;Pers.Ctrl.SUR.2015.6.28.12.47;vlc-record-2015-06-28-16h53m05s-Pers.Ctrl.SUR.2015.6.28.12.47.MOV-;#N/D!;
111;27-cze-15;KWJ;KWJ;Ctrl4;SUR Sura;00:14:42;00:14:57;UNTAG*;-40;chased;Pers.Ctrl.SUR.2015.6.28.12.47;;#N/D!;
112;27-cze-15;KWJ;KWJ;Ctrl4;SUR Sura;00:23:03;00:23:27;UNTAG*;-40;;Pers.Ctrl.SUR.2015.6.28.12.47;vlc-record-2015-06-28-16h58m17s-Pers.Ctrl.SUR.2015.6.28.12.47.MOV-;#N/D!;
113;27-cze-15;KWJ;KWJ;Ctrl4;SUR Sura;00:26:35;00:26:55;Y;301;;Pers.Ctrl.SUR.2015.6.28.12.47;vlc-record-2015-06-28-17h00m14s-Pers.Ctrl.SUR.2015.6.28.12.47.MOV-;#N/D!;
114;27-cze-15;KWJ;KWJ;Ctrl4;SUR Sura;00:04:02;00:04:04;R;356;chased;Pers.Ctrl.SUR.2015.6.28.12.47;;#N/D!;
115;27-cze-15;KWJ;KWJ;Ctrl4;SUR Sura;00:06:20;00:06:31;G;292;;Pers.Ctrl.SUR.2015.6.28.13.14;vlc-record-2015-06-28-17h18m05s-Pers.Ctrl.SUR.2015.6.28.13.14.MOV-;#N/D!;
116;27-cze-15;KWJ;KWJ;Ctrl4;SUR Sura;00:07:22;00:08:18;R;356;;Pers.Ctrl.SUR.2015.6.28.13.14;vlc-record-2015-06-28-17h19m19s-Pers.Ctrl.SUR.2015.6.28.13.14.MOV-;#N/D!;
117;27-cze-15;KWJ;KWJ;Ctrl4;SUR Sura;00:10:50;00:11:20;RPG;203;little hermit at another feeder, but does not seem to interfere;Pers.Ctrl.SUR.2015.6.28.13.14;vlc-record-2015-06-28-17h22m13s-Pers.Ctrl.SUR.2015.6.28.13.14.MOV-;#N/D!;
118;27-cze-15;KWJ;KWJ;Ctrl4;SUR Sura;00:11:46;00:12:24;BGW;143;little hermit at another feeder, but does not seem to interfere;Pers.Ctrl.SUR.2015.6.28.13.14;vlc-record-2015-06-28-17h24m54s-Pers.Ctrl.SUR.2015.6.28.13.14.MOV-;#N/D!;
119;27-cze-15;KWJ;KWJ;Ctrl4;SUR Sura;00:13:49;00:14:05;G;292;;Pers.Ctrl.SUR.2015.6.28.13.14;vlc-record-2015-06-28-17h27m43s-Pers.Ctrl.SUR.2015.6.28.13.14.MOV-;#N/D!;
120;27-cze-15;KWJ;KWJ;Ctrl4;SUR Sura;00:18:08;00:18:40;Y;301;;Pers.Ctrl.SUR.2015.6.28.13.14;vlc-record-2015-06-28-17h37m10s-Pers.Ctrl.SUR.2015.6.28.13.14.MOV-;#N/D!;
121;27-cze-15;KWJ;KWJ;Ctrl4;SUR Sura;00:20:13;00:20:33;UNTAG*;-40;;Pers.Ctrl.SUR.2015.6.28.13.14;vlc-record-2015-06-28-17h39m03s-Pers.Ctrl.SUR.2015.6.28.13.14.MOV-;#N/D!;
122;27-cze-15;KWJ;KWJ;Ctrl4;SUR Sura;00:22:21;00:23:02;B;357;;Pers.Ctrl.SUR.2015.6.28.13.14;vlc-record-2015-06-28-17h41m01s-Pers.Ctrl.SUR.2015.6.28.13.14.MOV-;#N/D!;
123;27-cze-15;KWJ;KWJ;Ctrl4;SUR Sura;00:03:30;00:04:10;G;292;;Pers.Ctrl.SUR.2015.6.28.13.43;vlc-record-2015-06-28-17h51m02s-Pers.Ctrl.SUR.2015.6.28.13.43.MOV-;#N/D!;
124;27-cze-15;KWJ;KWJ;Ctrl4;SUR Sura;00:10:35;00:11:11;R;356;;Pers.Ctrl.SUR.2015.6.28.13.43;vlc-record-2015-06-28-17h54m06s-Pers.Ctrl.SUR.2015.6.28.13.43.MOV-;#N/D!;
125;27-cze-15;KWJ;KWJ;Ctrl4;SUR Sura;00:12:07;00:12:14;BGW;143;chased;Pers.Ctrl.SUR.2015.6.28.13.43;;#N/D!;
126;27-cze-15;KWJ;KWJ;Ctrl4;SUR Sura;00:12:25;00:12:47;UNTAG*;-40;chased at the end?;Pers.Ctrl.SUR.2015.6.28.13.43;vlc-record-2015-06-28-17h57m40s-Pers.Ctrl.SUR.2015.6.28.13.43.MOV-;#N/D!;
127;27-cze-15;KWJ;KWJ;Ctrl4;SUR Sura;00:16:05;00:16:57;BGW;143;chased by little hermit;Pers.Ctrl.SUR.2015.6.28.13.43;;#N/D!;
128;27-cze-15;KWJ;KWJ;Ctrl4;SUR Sura;00:20:58;00:21:18;RPG;203;;Pers.Ctrl.SUR.2015.6.28.13.43;vlc-record-2015-06-28-18h03m43s-Pers.Ctrl.SUR.2015.6.28.13.43.MOV-;#N/D!;
129;27-cze-15;KWJ;KWJ;Ctrl4;SUR Sura;00:25:07;00:25:25;UNTAG*;-40;;Pers.Ctrl.SUR.2015.6.28.13.43;vlc-record-2015-06-28-18h06m22s-Pers.Ctrl.SUR.2015.6.28.13.43.MOV-;#N/D!;
130;27-cze-15;KWJ;KWJ;Ctrl4;SUR Sura;00:06:55;00:07:24;Y;301;;Pers.Ctrl.SUR.2015.6.28.14.8;vlc-record-2015-06-28-18h12m10s-Pers.Ctrl.SUR.2015.6.28.14.8.MOV-;#N/D!;
131;27-cze-15;KWJ;KWJ;Ctrl4;SUR Sura;00:12:33;00:13:17;G;292;;Pers.Ctrl.SUR.2015.6.28.14.8;vlc-record-2015-06-28-18h16m26s-Pers.Ctrl.SUR.2015.6.28.14.8.MOV-;#N/D!;
132;27-cze-15;KWJ;KWJ;Exp4;SUR Sura;00:08:49;00:08:40;R;356;;Pers.Exp.SUR.2015.6.28.14.33;vlc-record-2015-06-28-18h23m29s-Pers.Exp.SUR.2015.6.28.14.33.MOV-;#N/D!;
133;27-cze-15;KWJ;KWJ;Exp4;SUR Sura;00:10:08;00:10:38;UNTAG*;-40;;Pers.Exp.SUR.2015.6.28.14.33;vlc-record-2015-06-28-18h25m32s-Pers.Exp.SUR.2015.6.28.14.33.MOV-;#N/D!;
134;27-cze-15;KWJ;KWJ;Exp4;SUR Sura;00:15:58;00:16:16;RPG;203;;Pers.Exp.SUR.2015.6.28.14.33;vlc-record-2015-06-28-18h29m12s-Pers.Exp.SUR.2015.6.28.14.33.MOV-;#N/D!;
135;27-cze-15;KWJ;KWJ;Exp4;SUR Sura;00:17:38;00:18:02;Y;301;;Pers.Exp.SUR.2015.6.28.14.33;vlc-record-2015-06-28-18h31m33s-Pers.Exp.SUR.2015.6.28.14.33.MOV-;#N/D!;
136;27-cze-15;KWJ;KWJ;Exp4;SUR Sura;00:18:20;00:18:52;Y;301;fighting with little hermit;Pers.Exp.SUR.2015.6.28.14.33;;#N/D!;
137;27-cze-15;KWJ;KWJ;Exp4;SUR Sura;00:20:57;00:21:44;G;292;;Pers.Exp.SUR.2015.6.28.14.33;vlc-record-2015-06-28-18h35m23s-Pers.Exp.SUR.2015.6.28.14.33.MOV-;#N/D!;
138;27-cze-15;KWJ;KWJ;Exp4;SUR Sura;00:21:57;00:23:01;B;357;;Pers.Exp.SUR.2015.6.28.14.33;vlc-record-2015-06-28-18h37m13s-Pers.Exp.SUR.2015.6.28.14.33.MOV-;#N/D!;
139;25-cze-15;KWJ;KWJ;Ctrl0;SUR Sura;00:02:55;00:03:14;UNTAG*;-40;;Pers.Ctrl.SUR.2015.6.25.6.50;vlc-record-2015-06-28-22h48m44s-Pers.Ctrl.SUR.2015.6.25.6.50.MOV-;#N/D!;
140;25-cze-15;KWJ;KWJ;Ctrl0;SUR Sura;00:03:50;00:04:08;RPG;203;;Pers.Ctrl.SUR.2015.6.25.6.50;vlc-record-2015-06-28-22h50m38s-Pers.Ctrl.SUR.2015.6.25.6.50.MOV-;#N/D!;
141;25-cze-15;KWJ;KWJ;Ctrl0;SUR Sura;00:11:36;00:12:06;UNTAG*;-40;;Pers.Ctrl.SUR.2015.6.25.6.50;vlc-record-2015-06-28-22h53m56s-Pers.Ctrl.SUR.2015.6.25.6.50.MOV-;#N/D!;
142;25-cze-15;KWJ;KWJ;Ctrl0;SUR Sura;00:13:17;00:14:08;R;356;chased at the end but pretty long at the feeders;Pers.Ctrl.SUR.2015.6.25.6.50;vlc-record-2015-06-28-22h59m12s-Pers.Ctrl.SUR.2015.6.25.6.50.MOV-;#N/D!;
143;25-cze-15;KWJ;KWJ;Ctrl0;SUR Sura;00:14:10;00:14:31;RBR;365;;Pers.Ctrl.SUR.2015.6.25.6.50;vlc-record-2015-06-28-23h01m11s-Pers.Ctrl.SUR.2015.6.25.6.50.MOV-;#N/D!;
144;25-cze-15;KWJ;KWJ;Ctrl0;SUR Sura;00:16:24;00:17:03;Y;301;;Pers.Ctrl.SUR.2015.6.25.6.50;vlc-record-2015-06-28-23h03m29s-Pers.Ctrl.SUR.2015.6.25.6.50.MOV-;#N/D!;
145;25-cze-15;KWJ;KWJ;Ctrl0;SUR Sura;00:21:35;00:21:48;RPG;203;;Pers.Ctrl.SUR.2015.6.25.6.50;vlc-record-2015-06-28-23h06m15s-Pers.Ctrl.SUR.2015.6.25.6.50.MOV-;#N/D!;
146;25-cze-15;KWJ;KWJ;Ctrl0;SUR Sura;00:01:23;00:02:14;UNTAG*;-40;chased;Pers.Ctrl.SUR.2015.6.25.9.16;;#N/D!;
147;25-cze-15;KWJ;KWJ;Ctrl0;SUR Sura;00:02:23;00:02:30;RBR;365;chased;Pers.Ctrl.SUR.2015.6.25.9.16;;#N/D!;
148;25-cze-15;KWJ;KWJ;Ctrl0;SUR Sura;00:03:34;00:04:39;Y;301;chased;Pers.Ctrl.SUR.2015.6.25.9.16;;#N/D!;
149;25-cze-15;KWJ;KWJ;Ctrl0;SUR Sura;00:11:20;00:11:40;RPG;203;chased?, and butterfy on other feeder;Pers.Ctrl.SUR.2015.6.25.9.16;;#N/D!;
150;25-cze-15;KWJ;KWJ;Ctrl0;SUR Sura;00:12:51;00:13:48;G;292;butterfly, and little hermit around;Pers.Ctrl.SUR.2015.6.25.9.16;;#N/D!;
151;25-cze-15;KWJ;KWJ;Ctrl0;SUR Sura;00:14:45;00:15:14;R;356;chased;Pers.Ctrl.SUR.2015.6.25.9.16;;#N/D!;
